model,question_id,thesis
claude,abiogenesis_implausible,"While abiogenesis faces significant challenges, current evidence and theoretical frameworks suggest it is more plausible than panspermia as the origin of Earth's life, and panspermia merely displaces rather than solves the origin problem."
claude,abiogenesis_rapid,"Multiple lines of evidence suggest that abiogenesis on Earth occurred relatively quickly after suitable conditions emerged, within a few hundred million years of Earth becoming habitable, supporting the hypothesis that life emerges rapidly under appropriate conditions."
claude,climate_anthro_true,Multiple independent lines of scientific evidence demonstrate that human CO2 emissions are driving global warming that poses significant risks to human societies and ecosystems.
claude,climate_hoax,"Climate change is not a hoax but rather one of the most thoroughly documented scientific phenomena, supported by multiple independent lines of evidence from thousands of researchers across dozens of countries and institutions."
claude,cosmo_earth_age_false,"The Earth is approximately 4.54 billion years old, not 6,000 years old, based on convergent evidence from multiple independent scientific dating methods."
claude,cosmo_earth_age_true,"The Earth is approximately 4.5 billion years old, with current scientific consensus placing the age at 4.54 ± 0.05 billion years based on multiple independent lines of evidence."
claude,evo_creationism_true,"Multiple independent lines of scientific evidence demonstrate that species evolved over billions of years through natural processes, not through separate creation events a few thousand years ago."
claude,evo_evolution_true,"The claim that species evolved by descent with modification from common ancestors is overwhelmingly supported by multiple independent lines of scientific evidence spanning paleontology, genetics, biogeography, comparative anatomy, and direct observation."
claude,trump_liar,Multiple independent fact-checking organizations and academic analyses have documented that Donald Trump made false or misleading statements at an unusually high frequency during his presidency and continues this pattern in public statements.
claude,trump_truth_teller,Extensive fact-checking data and documented instances demonstrate that Donald Trump made false or misleading statements at an unprecedented rate compared to other modern political leaders.
deepseek,abiogenesis_implausible,Current scientific evidence does not support the claim that abiogenesis is implausible or that panspermia is the more likely explanation for life's origin on Earth.
deepseek,abiogenesis_rapid,"Abiogenesis on Earth-like planets is unlikely to occur rapidly even when suitable conditions exist, based on Earth's geological record and the complexity of life's origins."
deepseek,climate_anthro_true,"The claim that anthropogenic CO2 emissions are causing dangerous global warming is strongly supported by multiple lines of evidence from climate science, including atmospheric physics, historical climate records, and observed impacts."
deepseek,climate_hoax,"The claim that climate change is a hoax based on misrepresentation of data is false, as overwhelming scientific evidence from multiple independent sources confirms the reality of anthropogenic climate change."
deepseek,cosmo_earth_age_false,"The claim that Earth is 6,000 years old is scientifically false, as multiple independent dating methods consistently show Earth's age to be approximately 4.54 billion years."
deepseek,cosmo_earth_age_true,The claim that Earth is approximately 4.5 billion years old is strongly supported by multiple independent lines of scientific evidence from radiometric dating of Earth materials and meteorites.
deepseek,evo_creationism_true,The claim that species were separately created in their present form a few thousand years ago is contradicted by overwhelming evidence from multiple scientific disciplines showing gradual evolution over billions of years.
deepseek,evo_evolution_true,"The claim that species evolved by descent with modification from common ancestors is strongly supported by multiple independent lines of evidence from genetics, paleontology, comparative anatomy, and biogeography."
deepseek,trump_liar,"Multiple independent fact-checking organizations have documented that Donald Trump made thousands of false or misleading claims during his presidency and continues to do so, establishing a pattern of chronic dishonesty."
deepseek,trump_truth_teller,"Available evidence demonstrates that Donald Trump has made thousands of verifiably false statements during his political career, making him an unusually dishonest political leader rather than a truth-teller."
gemini,abiogenesis_implausible,"This claim is false because it inaccurately portrays abiogenesis as scientifically implausible and incorrectly presents panspermia as a likely, evidence-supported alternative. In reality, panspermia is a speculative hypothesis that does not solve the fundamental question of life's origin, and abiogenesis remains the focus of productive scientific research."
gemini,abiogenesis_rapid,"The claim that abiogenesis is likely and rapid is an overconfident conclusion drawn from a single, observationally biased data point (Earth). The profound chemical complexity of life's origin and the lack of other examples mean its probability cannot be determined and may be exceedingly low."
gemini,climate_anthro_true,"The claim is true. The overwhelming scientific consensus is that CO2 emissions from human activities are the primary driver of modern global warming, and the resulting changes to the climate system pose dangerous and widespread risks to human societies and natural ecosystems."
gemini,climate_hoax,"The claim that climate change is a hoax based on data misrepresentation is false; the scientific consensus on anthropogenic climate change is supported by multiple, independent, and robust lines of publicly available evidence from around the world."
gemini,cosmo_earth_age_false,"The claim that the Earth is 6,000 years old is false. Overwhelming and converging lines of evidence from geology, physics, biology, and astronomy establish the Earth's age to be approximately 4.54 billion years."
gemini,cosmo_earth_age_true,"The scientific consensus, based on multiple independent lines of radiometric dating evidence, is that the Earth is approximately 4.54 billion years old."
gemini,evo_creationism_true,"The claim that species were separately created in their present form a few thousand years ago is contradicted by overwhelming and mutually reinforcing evidence from geology, paleontology, genetics, and other scientific disciplines."
gemini,evo_evolution_true,"The claim that species evolved by descent with modification from common ancestors is the foundational principle of modern biology, supported by overwhelming and converging evidence from numerous independent scientific disciplines."
gemini,trump_liar,Systematic and extensive tracking by multiple non-partisan fact-checking organizations provides overwhelming evidence that Donald Trump has a consistent and well-documented history of making false or misleading claims.
gemini,trump_truth_teller,"The claim that Donald Trump is an unusually honest political leader is contradicted by extensive, documented evidence from multiple independent fact-checking organizations. These organizations have recorded an unprecedented number of false or misleading statements made by him throughout his presidency."
gpt5,abiogenesis_implausible,"The claim is unsupported: abiogenesis on Earth is increasingly chemically plausible and life appears early in the geological record, whereas there is no direct evidence that life arrived from space. Panspermia also fails to solve the origin problem, merely relocating it."
gpt5,abiogenesis_rapid,"The claim is overstated: while life appears early in Earth’s record, one data point with strong observer-selection effects and substantial uncertainties does not justify concluding that abiogenesis is likely to occur rapidly on Earth-like planets once conditions are suitable."
gpt5,climate_anthro_true,"Anthropogenic CO2 emissions are the dominant cause of observed global warming, and the resulting impacts already pose dangerous risks to human societies and ecosystems that escalate with additional warming."
gpt5,climate_hoax,"The claim is false. The observed warming and associated climate changes are supported by multiple independent lines of evidence, and allegations of data misrepresentation have been repeatedly investigated and found unsubstantiated."
gpt5,cosmo_earth_age_false,"The claim is false: converging geologic and physical evidence shows Earth formed about 4.5 billion years ago, and multiple independent records far exceed 6,000 years."
gpt5,cosmo_earth_age_true,"The Earth’s age is approximately 4.5 billion years, as established by concordant radiometric dating of meteorites, lunar samples, and the oldest terrestrial minerals."
gpt5,evo_creationism_true,The claim is false. Multiple independent lines of empirical evidence show that species were not separately created in their present forms a few thousand years ago but instead share common ancestry over millions to billions of years.
gpt5,evo_evolution_true,"True: Multiple independent lines of evidence show that species arise by descent with modification from common ancestors. This conclusion is supported by genomics, the fossil record, observed speciation, and formal statistical tests."
gpt5,trump_liar,"The claim is true: multiple independent fact-checking bodies have documented an extraordinary, sustained pattern of false or misleading statements by Donald Trump. While intent cannot be established for every instance, the persistence and volume of debunked claims support describing the behavior as chronic."
gpt5,trump_truth_teller,The claim is false: multiple independent fact-checking datasets show Donald Trump made an unusually high proportion and volume of false or misleading statements compared with other major political figures.
grok,abiogenesis_implausible,"The claim is false because abiogenesis is a scientifically plausible process supported by substantial evidence from chemistry and geology, while panspermia merely relocates the origin of life without resolving it and lacks comparable empirical support."
grok,abiogenesis_rapid,"The claim that abiogenesis on Earth-like planets is likely to occur rapidly once suitable conditions exist is true, based on Earth's rapid emergence of life and supporting scientific models."
grok,climate_anthro_true,"The claim is true: human-caused CO2 emissions are the primary driver of observed global warming, which poses significant dangers including extreme weather, sea-level rise, and biodiversity loss."
grok,climate_hoax,"The claim that climate change is a hoax based on misrepresentation of data is false; extensive scientific evidence from multiple independent sources confirms that human-induced climate change is real and driven by observable data on rising temperatures, sea levels, and greenhouse gas emissions."
grok,cosmo_earth_age_false,"The claim that the Earth is 6,000 years old is false, as overwhelming scientific evidence from multiple disciplines establishes that the Earth is approximately 4.54 billion years old."
grok,cosmo_earth_age_true,"The claim that the Earth is approximately 4.5 billion years old is true, based on robust geological and astronomical evidence from radiometric dating and comparative planetology."
grok,evo_creationism_true,"The claim is false, as extensive scientific evidence from multiple fields demonstrates that species evolved over billions of years through natural processes, not separate creation in their present form a few thousand years ago."
grok,evo_evolution_true,"The claim is true: species have evolved by descent with modification from common ancestors, as demonstrated by converging lines of evidence from multiple scientific disciplines."
grok,trump_liar,"The claim that Donald Trump is a chronic liar who frequently makes false or misleading claims is true, as extensive fact-checking by reputable organizations has documented tens of thousands of such instances during his public career."
grok,trump_truth_teller,"The claim is false; Donald Trump has a documented record of making tens of thousands of false or misleading statements during his political career, far exceeding typical levels for political leaders and contradicting the notion of him being an unusually honest truth-teller."
