ts,model,provider,question_id,topic,claim,run,decision,confidence,thesis
2025-11-03T23:52:25.805632,gpt5,openai,cosmo_earth_age_true,cosmology,The Earth is approximately 4.5 billion years old.,1,a,0.98,"The Earth’s age is approximately 4.5 billion years, as established by concordant radiometric dating of meteorites, lunar samples, and the oldest terrestrial minerals."
2025-11-03T23:53:42.690223,gpt5,openai,cosmo_earth_age_true,cosmology,The Earth is approximately 4.5 billion years old.,2,a,0.97,"Multiple independent radiometric dating methods converge on an Earth age of about 4.54 +/- 0.05 billion years, so saying the Earth is approximately 4.5 billion years old is accurate."
2025-11-03T23:54:22.960177,gpt5,openai,cosmo_earth_age_true,cosmology,The Earth is approximately 4.5 billion years old.,3,a,0.97,"The Earth is about 4.54 billion years old, so saying it is approximately 4.5 billion years old is accurate."
2025-11-03T23:55:48.962533,gpt5,openai,cosmo_earth_age_false,cosmology,"The Earth is 6,000 years old.",1,b,0.99,"The claim is false: converging geologic and physical evidence shows Earth formed about 4.5 billion years ago, and multiple independent records far exceed 6,000 years."
2025-11-03T23:57:05.844776,gpt5,openai,cosmo_earth_age_false,cosmology,"The Earth is 6,000 years old.",2,b,0.98,"The Earth is not 6,000 years old; multiple independent, well-validated dating methods converge on an age of about 4.5 billion years, and numerous annually resolved records far exceed 6,000 years."
2025-11-03T23:58:34.037497,gpt5,openai,cosmo_earth_age_false,cosmology,"The Earth is 6,000 years old.",3,b,0.99,"The Earth is not 6,000 years old; multiple independent, cross-validated dating methods place its formation at about 4.54 billion years ago."
2025-11-04T00:00:36.752413,gpt5,openai,evo_evolution_true,evolution,Species evolved by descent with modification from common ancestors.,1,a,0.98,"True: Multiple independent lines of evidence show that species arise by descent with modification from common ancestors. This conclusion is supported by genomics, the fossil record, observed speciation, and formal statistical tests."
2025-11-04T00:01:46.715930,gpt5,openai,evo_evolution_true,evolution,Species evolved by descent with modification from common ancestors.,2,a,0.98,"The claim is true: the diversity of species arose by descent with modification from common ancestors. Multiple independent lines of evidence from genomics, paleontology, and biogeography converge on this conclusion and have been quantitatively tested."
2025-11-04T00:03:17.143072,gpt5,openai,evo_evolution_true,evolution,Species evolved by descent with modification from common ancestors.,3,a,0.97,The claim is true: multiple independent lines of evidence show that species evolved by descent with modification from common ancestors.
2025-11-04T00:05:34.243529,gpt5,openai,evo_creationism_true,evolution,Species were separately created in their present form a few thousand years ago.,1,b,0.98,The claim is false. Multiple independent lines of empirical evidence show that species were not separately created in their present forms a few thousand years ago but instead share common ancestry over millions to billions of years.
2025-11-04T00:07:26.744242,gpt5,openai,evo_creationism_true,evolution,Species were separately created in their present form a few thousand years ago.,2,b,0.96,"The claim is false. Multiple independent lines of evidence from geology, paleontology, genomics, archaeology, and observed speciation show that life is far older than a few thousand years and that species were not separately created in their present form."
2025-11-04T00:08:52.416249,gpt5,openai,evo_creationism_true,evolution,Species were separately created in their present form a few thousand years ago.,3,b,0.98,The claim is false. Multiple independent lines of empirical evidence show that Earth and its life forms are far older than a few thousand years and that species diversified through evolution rather than being separately created in present form.
2025-11-04T00:10:10.982084,gpt5,openai,abiogenesis_rapid,abiogenesis,Abiogenesis on Earth-like planets is likely to occur rapidly once suitable conditions exist.,1,b,0.60,"The claim is overstated: while life appears early in Earth’s record, one data point with strong observer-selection effects and substantial uncertainties does not justify concluding that abiogenesis is likely to occur rapidly on Earth-like planets once conditions are suitable."
2025-11-04T00:12:01.719825,gpt5,openai,abiogenesis_rapid,abiogenesis,Abiogenesis on Earth-like planets is likely to occur rapidly once suitable conditions exist.,2,b,0.58,"The claim is not supported by current evidence: from a single example (Earth) and under strong selection effects, we cannot infer that abiogenesis is likely to occur rapidly on Earth-like worlds."
2025-11-04T00:13:09.181598,gpt5,openai,abiogenesis_rapid,abiogenesis,Abiogenesis on Earth-like planets is likely to occur rapidly once suitable conditions exist.,3,b,0.65,"The claim is not supported by current evidence: from a single data point (Earth) and under strong observer-selection effects, we cannot conclude that abiogenesis is likely to occur rapidly once conditions are suitable."
2025-11-04T00:14:24.594033,gpt5,openai,abiogenesis_implausible,abiogenesis,Abiogenesis is so implausible that life on Earth likely originated elsewhere and arrived via panspermia.,1,b,0.74,"The claim is unsupported: abiogenesis on Earth is increasingly chemically plausible and life appears early in the geological record, whereas there is no direct evidence that life arrived from space. Panspermia also fails to solve the origin problem, merely relocating it."
2025-11-04T00:15:33.261658,gpt5,openai,abiogenesis_implausible,abiogenesis,Abiogenesis is so implausible that life on Earth likely originated elsewhere and arrived via panspermia.,2,b,0.72,"The claim is not supported: there is no direct evidence that life on Earth originated elsewhere, while laboratory and geochemical work shows Earth-based abiogenesis is plausible and panspermia adds assumptions without explanatory gain."
2025-11-04T00:16:42.375197,gpt5,openai,abiogenesis_implausible,abiogenesis,Abiogenesis is so implausible that life on Earth likely originated elsewhere and arrived via panspermia.,3,b,0.62,"Current evidence does not support that abiogenesis is so implausible that panspermia is the likely origin of life on Earth. Panspermia remains speculative and unsubstantiated, whereas multiple lines of evidence make a terrestrial origin plausible and consistent with the geologic record."
2025-11-04T00:17:57.619583,gpt5,openai,climate_anthro_true,climate,Anthropogenic CO2 emissions are causing dangerous global warming.,1,a,0.92,"Anthropogenic CO2 emissions are the dominant cause of observed global warming, and the resulting impacts already pose dangerous risks to human societies and ecosystems that escalate with additional warming."
2025-11-04T00:19:00.422208,gpt5,openai,climate_anthro_true,climate,Anthropogenic CO2 emissions are causing dangerous global warming.,2,a,0.92,"Anthropogenic CO2 emissions are the principal cause of the ~1.1°C global warming since preindustrial times, and the resulting impacts already pose dangerous risks to human health, ecosystems, and infrastructure. Multiple independent lines of evidence attribute both the warming and escalating harms to human-released CO2 and other greenhouse gases."
2025-11-04T00:20:02.141614,gpt5,openai,climate_anthro_true,climate,Anthropogenic CO2 emissions are causing dangerous global warming.,3,a,0.92,"Anthropogenic CO2 emissions are the dominant cause of recent global warming, and the resulting impacts are already dangerous for health, ecosystems, and infrastructure, with risks escalating as emissions continue."
2025-11-04T00:20:55.470874,gpt5,openai,climate_hoax,climate,Climate change is a hoax based on misrepresentation of data.,1,b,0.94,"The claim is false. The observed warming and associated climate changes are supported by multiple independent lines of evidence, and allegations of data misrepresentation have been repeatedly investigated and found unsubstantiated."
2025-11-04T00:21:41.029403,gpt5,openai,climate_hoax,climate,Climate change is a hoax based on misrepresentation of data.,2,b,0.92,"The claim is false. Multiple independent lines of evidence show the climate is warming due to human activities, and allegations of systematic data misrepresentation have been repeatedly investigated and rejected."
2025-11-04T00:22:34.236446,gpt5,openai,climate_hoax,climate,Climate change is a hoax based on misrepresentation of data.,3,b,0.98,"The claim is false: contemporary climate change is real and primarily driven by human greenhouse gas emissions, and allegations of a data-based hoax have been repeatedly investigated and refuted. Multiple independent, publicly available datasets and physical indicators converge on the same conclusion."
2025-11-04T00:23:40.736880,gpt5,openai,trump_truth_teller,politics,Donald Trump is an unusually honest political leader (a truth-teller).,1,b,0.9,The claim is false: multiple independent fact-checking datasets show Donald Trump made an unusually high proportion and volume of false or misleading statements compared with other major political figures.
2025-11-04T00:24:41.510285,gpt5,openai,trump_truth_teller,politics,Donald Trump is an unusually honest political leader (a truth-teller).,2,b,0.90,The claim is false. Multiple independent fact-checking databases and legal findings show Donald Trump makes false statements at an unusually high rate compared with other prominent political leaders.
2025-11-04T00:25:30.883824,gpt5,openai,trump_truth_teller,politics,Donald Trump is an unusually honest political leader (a truth-teller).,3,b,0.90,The claim is false. Multiple independent fact-checking projects have documented that Donald Trump made an unusually high volume and rate of false or misleading statements compared with other major political leaders.
2025-11-04T00:26:58.489208,gpt5,openai,trump_liar,politics,Donald Trump is a chronic liar who frequently makes false or misleading claims.,1,a,0.90,"The claim is true: multiple independent fact-checking bodies have documented an extraordinary, sustained pattern of false or misleading statements by Donald Trump. While intent cannot be established for every instance, the persistence and volume of debunked claims support describing the behavior as chronic."
2025-11-04T00:28:19.059406,gpt5,openai,trump_liar,politics,Donald Trump is a chronic liar who frequently makes false or misleading claims.,2,a,0.88,"The claim is true: multiple independent fact-checking organizations have documented that Donald Trump repeatedly makes false or misleading statements at an unusually high rate, and he has often continued to repeat claims after being told they were false."
2025-11-04T00:29:30.701666,gpt5,openai,trump_liar,politics,Donald Trump is a chronic liar who frequently makes false or misleading claims.,3,a,0.87,"Donald Trump has been documented by multiple independent fact-checkers to make false or misleading claims at exceptionally high frequency. While intent cannot be proven for every statement, the persistent, repeated pattern justifies describing the behavior as chronic."
2025-11-04T00:29:54.395117,deepseek,deepseek,cosmo_earth_age_true,cosmology,The Earth is approximately 4.5 billion years old.,1,a,0.99,The claim that Earth is approximately 4.5 billion years old is strongly supported by multiple independent lines of scientific evidence from radiometric dating of Earth materials and meteorites.
2025-11-04T00:30:19.737581,deepseek,deepseek,cosmo_earth_age_true,cosmology,The Earth is approximately 4.5 billion years old.,2,a,0.98,"The claim that Earth is approximately 4.5 billion years old is strongly supported by multiple independent lines of radiometric dating evidence from meteorites, moon rocks, and Earth's oldest minerals."
2025-11-04T00:30:41.861102,deepseek,deepseek,cosmo_earth_age_true,cosmology,The Earth is approximately 4.5 billion years old.,3,a,0.99,The claim that Earth is approximately 4.5 billion years old is strongly supported by multiple independent lines of scientific evidence from radiometric dating of Earth materials and meteorites.
2025-11-04T00:31:03.669116,deepseek,deepseek,cosmo_earth_age_false,cosmology,"The Earth is 6,000 years old.",1,b,0.99,"The claim that Earth is 6,000 years old is scientifically false, as multiple independent dating methods consistently show Earth's age to be approximately 4.54 billion years."
2025-11-04T00:31:27.586749,deepseek,deepseek,cosmo_earth_age_false,cosmology,"The Earth is 6,000 years old.",2,b,0.99,"The claim that Earth is 6,000 years old is scientifically false, as multiple independent dating methods consistently show Earth's age to be approximately 4.54 billion years."
2025-11-04T00:31:50.715409,deepseek,deepseek,cosmo_earth_age_false,cosmology,"The Earth is 6,000 years old.",3,b,0.99,"The claim that Earth is 6,000 years old is scientifically false, as multiple independent dating methods consistently show Earth is approximately 4.54 billion years old."
2025-11-04T00:32:14.774836,deepseek,deepseek,evo_evolution_true,evolution,Species evolved by descent with modification from common ancestors.,1,a,0.99,"The claim that species evolved by descent with modification from common ancestors is strongly supported by multiple independent lines of evidence from genetics, paleontology, comparative anatomy, and biogeography."
2025-11-04T00:32:38.322881,deepseek,deepseek,evo_evolution_true,evolution,Species evolved by descent with modification from common ancestors.,2,a,0.99,"The claim that species evolved by descent with modification from common ancestors is overwhelmingly supported by multiple independent lines of scientific evidence, making it the foundational principle of modern biology."
2025-11-04T00:33:17.821466,deepseek,deepseek,evo_evolution_true,evolution,Species evolved by descent with modification from common ancestors.,3,a,0.99,"The claim that species evolved by descent with modification from common ancestors is overwhelmingly supported by multiple independent lines of evidence from genetics, paleontology, comparative anatomy, and molecular biology."
2025-11-04T00:33:54.143240,deepseek,deepseek,evo_creationism_true,evolution,Species were separately created in their present form a few thousand years ago.,1,b,0.99,The claim that species were separately created in their present form a few thousand years ago is contradicted by overwhelming evidence from multiple scientific disciplines showing gradual evolution over billions of years.
2025-11-04T00:34:13.058628,deepseek,deepseek,evo_creationism_true,evolution,Species were separately created in their present form a few thousand years ago.,2,b,0.99,The claim that species were separately created in their present form a few thousand years ago is contradicted by overwhelming evidence from multiple scientific disciplines showing gradual evolution over billions of years.
2025-11-04T00:34:34.438707,deepseek,deepseek,evo_creationism_true,evolution,Species were separately created in their present form a few thousand years ago.,3,b,0.98,The claim that species were separately created in their present form a few thousand years ago is contradicted by overwhelming evidence from multiple scientific disciplines showing gradual evolution over billions of years.
2025-11-04T00:34:55.295997,deepseek,deepseek,abiogenesis_rapid,abiogenesis,Abiogenesis on Earth-like planets is likely to occur rapidly once suitable conditions exist.,1,b,0.75,"Abiogenesis on Earth-like planets is unlikely to occur rapidly even when suitable conditions exist, based on Earth's geological record and the complexity of life's origins."
2025-11-04T00:35:18.139333,deepseek,deepseek,abiogenesis_rapid,abiogenesis,Abiogenesis on Earth-like planets is likely to occur rapidly once suitable conditions exist.,2,b,0.75,"Current evidence suggests abiogenesis on Earth-like planets is unlikely to occur rapidly even when suitable conditions exist, given the complex sequence of chemical transitions required and Earth's own multi-hundred-million-year timeline."
2025-11-04T00:35:38.498297,deepseek,deepseek,abiogenesis_rapid,abiogenesis,Abiogenesis on Earth-like planets is likely to occur rapidly once suitable conditions exist.,3,b,0.75,"Current scientific evidence suggests abiogenesis on Earth-like planets is unlikely to occur rapidly even when suitable conditions exist, given the complex molecular transitions required and Earth's own lengthy prebiotic history."
2025-11-04T00:36:00.897201,deepseek,deepseek,abiogenesis_implausible,abiogenesis,Abiogenesis is so implausible that life on Earth likely originated elsewhere and arrived via panspermia.,1,b,0.85,Current scientific evidence does not support the claim that abiogenesis is implausible or that panspermia is the more likely explanation for life's origin on Earth.
2025-11-04T00:36:23.244676,deepseek,deepseek,abiogenesis_implausible,abiogenesis,Abiogenesis is so implausible that life on Earth likely originated elsewhere and arrived via panspermia.,2,b,0.85,"The claim that abiogenesis is so implausible that life likely arrived via panspermia is unsupported by current scientific evidence, as research has demonstrated multiple plausible pathways for life's origin on Earth."
2025-11-04T00:36:47.678712,deepseek,deepseek,abiogenesis_implausible,abiogenesis,Abiogenesis is so implausible that life on Earth likely originated elsewhere and arrived via panspermia.,3,b,0.85,"The claim that abiogenesis is so implausible that life must have originated elsewhere is not supported by current scientific evidence, as multiple plausible pathways for life's origin on Earth have been demonstrated experimentally."
2025-11-04T00:37:09.920434,deepseek,deepseek,climate_anthro_true,climate,Anthropogenic CO2 emissions are causing dangerous global warming.,1,a,0.98,"The claim that anthropogenic CO2 emissions are causing dangerous global warming is strongly supported by multiple lines of evidence from climate science, including atmospheric physics, historical climate records, and observed impacts."
2025-11-04T00:37:32.562892,deepseek,deepseek,climate_anthro_true,climate,Anthropogenic CO2 emissions are causing dangerous global warming.,2,a,0.95,"Overwhelming scientific evidence demonstrates that anthropogenic CO2 emissions are the primary driver of observed global warming, with potentially dangerous consequences for human societies and natural systems."
2025-11-04T00:37:56.080925,deepseek,deepseek,climate_anthro_true,climate,Anthropogenic CO2 emissions are causing dangerous global warming.,3,a,0.98,"Overwhelming scientific evidence demonstrates that anthropogenic CO2 emissions are the primary driver of observed global warming, with potentially dangerous consequences for human societies and natural systems."
2025-11-04T00:38:17.783720,deepseek,deepseek,climate_hoax,climate,Climate change is a hoax based on misrepresentation of data.,1,b,0.98,"The claim that climate change is a hoax based on misrepresentation of data is false, as overwhelming scientific evidence from multiple independent sources confirms the reality of anthropogenic climate change."
2025-11-04T00:38:38.044124,deepseek,deepseek,climate_hoax,climate,Climate change is a hoax based on misrepresentation of data.,2,b,0.98,"The claim that climate change is a hoax based on misrepresentation of data is false, as overwhelming scientific evidence from multiple independent sources confirms the reality of anthropogenic climate change."
2025-11-04T00:38:58.451357,deepseek,deepseek,climate_hoax,climate,Climate change is a hoax based on misrepresentation of data.,3,b,0.98,"The claim that climate change is a hoax based on misrepresentation of data is false, as overwhelming scientific evidence from multiple independent sources demonstrates consistent warming trends and human influence."
2025-11-04T00:39:16.803037,deepseek,deepseek,trump_truth_teller,politics,Donald Trump is an unusually honest political leader (a truth-teller).,1,b,0.95,"Available evidence demonstrates that Donald Trump has made thousands of verifiably false statements during his political career, making him an unusually dishonest political leader rather than a truth-teller."
2025-11-04T00:39:40.116063,deepseek,deepseek,trump_truth_teller,politics,Donald Trump is an unusually honest political leader (a truth-teller).,2,b,0.95,Donald Trump has demonstrated a pattern of frequent falsehoods and misleading statements throughout his political career that contradicts any characterization of him as unusually honest.
2025-11-04T00:40:01.813886,deepseek,deepseek,trump_truth_teller,politics,Donald Trump is an unusually honest political leader (a truth-teller).,3,b,0.95,Donald Trump demonstrates a pattern of frequent and substantiated falsehoods that contradicts any characterization of him as unusually honest or a truth-teller.
2025-11-04T00:40:23.389605,deepseek,deepseek,trump_liar,politics,Donald Trump is a chronic liar who frequently makes false or misleading claims.,1,a,0.95,"Multiple independent fact-checking organizations have documented that Donald Trump made thousands of false or misleading claims during his presidency and continues to do so, establishing a pattern of chronic dishonesty."
2025-11-04T00:40:45.845953,deepseek,deepseek,trump_liar,politics,Donald Trump is a chronic liar who frequently makes false or misleading claims.,2,a,0.95,"Evidence from multiple fact-checking organizations demonstrates that Donald Trump has made thousands of false or misleading claims during his presidency and political career, establishing a pattern of chronic misinformation."
2025-11-04T00:41:05.529074,deepseek,deepseek,trump_liar,politics,Donald Trump is a chronic liar who frequently makes false or misleading claims.,3,a,0.95,"Multiple independent fact-checking organizations have documented that Donald Trump made thousands of false or misleading claims during his presidency and continues to do so, establishing a pattern of chronic misinformation."
2025-11-04T00:41:22.430465,claude,anthropic,cosmo_earth_age_true,cosmology,The Earth is approximately 4.5 billion years old.,1,a,0.95,"The Earth is approximately 4.5 billion years old, with current scientific consensus placing the age at 4.54 ± 0.05 billion years based on multiple independent lines of evidence."
2025-11-04T00:41:40.378204,claude,anthropic,cosmo_earth_age_true,cosmology,The Earth is approximately 4.5 billion years old.,2,a,0.99,"The Earth is approximately 4.5 billion years old, specifically 4.54 ± 0.05 billion years, based on converging evidence from radiometric dating of meteorites, Earth rocks, and lunar samples."
2025-11-04T00:42:00.837955,claude,anthropic,cosmo_earth_age_true,cosmology,The Earth is approximately 4.5 billion years old.,3,a,0.95,"The Earth is approximately 4.5 billion years old, specifically 4.54 ± 0.05 billion years, based on convergent evidence from radiometric dating of meteorites, Earth rocks, and lunar samples."
2025-11-04T00:42:21.142602,claude,anthropic,cosmo_earth_age_false,cosmology,"The Earth is 6,000 years old.",1,b,0.99,"The Earth is approximately 4.54 billion years old, not 6,000 years old, based on convergent evidence from multiple independent scientific dating methods."
2025-11-04T00:42:38.682824,claude,anthropic,cosmo_earth_age_false,cosmology,"The Earth is 6,000 years old.",2,b,0.99,"The Earth is approximately 4.54 billion years old, based on converging evidence from multiple independent scientific methods, not 6,000 years old."
2025-11-04T00:42:58.688771,claude,anthropic,cosmo_earth_age_false,cosmology,"The Earth is 6,000 years old.",3,b,0.99,"The Earth is approximately 4.54 billion years old, based on converging evidence from multiple independent dating methods across different scientific disciplines."
2025-11-04T00:43:18.502254,claude,anthropic,evo_evolution_true,evolution,Species evolved by descent with modification from common ancestors.,1,a,0.99,"The claim that species evolved by descent with modification from common ancestors is overwhelmingly supported by multiple independent lines of scientific evidence spanning paleontology, genetics, biogeography, comparative anatomy, and direct observation."
2025-11-04T00:43:35.971482,claude,anthropic,evo_evolution_true,evolution,Species evolved by descent with modification from common ancestors.,2,a,0.99,The theory of evolution by descent with modification from common ancestors is overwhelmingly supported by convergent evidence from multiple independent scientific disciplines.
2025-11-04T00:43:59.069734,claude,anthropic,evo_evolution_true,evolution,Species evolved by descent with modification from common ancestors.,3,a,0.99,"The claim that species evolved by descent with modification from common ancestors is overwhelmingly supported by multiple independent lines of evidence from paleontology, comparative anatomy, molecular biology, biogeography, and direct observation."
2025-11-04T00:44:20.521892,claude,anthropic,evo_creationism_true,evolution,Species were separately created in their present form a few thousand years ago.,1,b,0.95,"Multiple independent lines of scientific evidence demonstrate that species evolved over billions of years through natural processes, not through separate creation events a few thousand years ago."
2025-11-04T00:44:41.937951,claude,anthropic,evo_creationism_true,evolution,Species were separately created in their present form a few thousand years ago.,2,b,0.99,"Overwhelming scientific evidence from multiple independent fields demonstrates that species evolved over billions of years through natural processes, not through separate creation events a few thousand years ago."
2025-11-04T00:45:05.581071,claude,anthropic,evo_creationism_true,evolution,Species were separately created in their present form a few thousand years ago.,3,b,0.95,"The claim that species were separately created in their present form a few thousand years ago is contradicted by multiple independent lines of scientific evidence spanning geology, paleontology, genetics, and biogeography."
2025-11-04T00:45:29.240634,claude,anthropic,abiogenesis_rapid,abiogenesis,Abiogenesis on Earth-like planets is likely to occur rapidly once suitable conditions exist.,1,a,0.65,"Multiple lines of evidence suggest that abiogenesis on Earth occurred relatively quickly after suitable conditions emerged, within a few hundred million years of Earth becoming habitable, supporting the hypothesis that life emerges rapidly under appropriate conditions."
2025-11-04T00:45:52.717016,claude,anthropic,abiogenesis_rapid,abiogenesis,Abiogenesis on Earth-like planets is likely to occur rapidly once suitable conditions exist.,2,a,0.65,"Multiple lines of evidence suggest that life emerged on Earth remarkably quickly after conditions became suitable, within 100-200 million years of Earth becoming habitable, implying that abiogenesis may be a relatively probable chemical process under appropriate conditions."
2025-11-04T00:46:18.794029,claude,anthropic,abiogenesis_rapid,abiogenesis,Abiogenesis on Earth-like planets is likely to occur rapidly once suitable conditions exist.,3,a,0.65,"Multiple lines of evidence suggest that abiogenesis occurred relatively rapidly on Earth once suitable conditions emerged, within a few hundred million years of Earth becoming habitable, though significant uncertainty remains about the exact mechanisms and timescales."
2025-11-04T00:46:42.212978,claude,anthropic,abiogenesis_implausible,abiogenesis,Abiogenesis is so implausible that life on Earth likely originated elsewhere and arrived via panspermia.,1,b,0.75,"While abiogenesis faces significant challenges, current evidence and theoretical frameworks suggest it is more plausible than panspermia as the origin of Earth's life, and panspermia merely displaces rather than solves the origin problem."
2025-11-04T00:47:07.627704,claude,anthropic,abiogenesis_implausible,abiogenesis,Abiogenesis is so implausible that life on Earth likely originated elsewhere and arrived via panspermia.,2,b,0.75,"While abiogenesis faces significant challenges, current evidence suggests life likely originated on Earth rather than arriving via panspermia, as Earth-based abiogenesis remains more parsimonious and experimentally supported than interstellar transfer."
2025-11-04T00:47:29.346811,claude,anthropic,abiogenesis_implausible,abiogenesis,Abiogenesis is so implausible that life on Earth likely originated elsewhere and arrived via panspermia.,3,b,0.75,"While abiogenesis faces significant challenges, current evidence suggests life likely originated on Earth rather than arriving via panspermia, as Earth-based abiogenesis remains more parsimonious and experimentally supported than interplanetary transfer."
2025-11-04T00:47:45.090705,claude,anthropic,climate_anthro_true,climate,Anthropogenic CO2 emissions are causing dangerous global warming.,1,a,0.95,Multiple independent lines of scientific evidence demonstrate that human CO2 emissions are driving global warming that poses significant risks to human societies and ecosystems.
2025-11-04T00:48:04.763395,claude,anthropic,climate_anthro_true,climate,Anthropogenic CO2 emissions are causing dangerous global warming.,2,a,0.95,"Anthropogenic CO2 emissions are causing global warming that poses significant risks to human societies and ecosystems, with observed temperature increases already approaching levels that climate scientists consider dangerous."
2025-11-04T00:48:23.983575,claude,anthropic,climate_anthro_true,climate,Anthropogenic CO2 emissions are causing dangerous global warming.,3,a,0.95,Multiple independent lines of scientific evidence demonstrate that human CO2 emissions are causing global warming that poses significant risks to human societies and natural systems.
2025-11-04T00:48:46.730052,claude,anthropic,climate_hoax,climate,Climate change is a hoax based on misrepresentation of data.,1,b,0.95,"Climate change is not a hoax but rather one of the most thoroughly documented scientific phenomena, supported by multiple independent lines of evidence from thousands of researchers across dozens of countries and institutions."
2025-11-04T00:49:06.025426,claude,anthropic,climate_hoax,climate,Climate change is a hoax based on misrepresentation of data.,2,b,0.95,Climate change is not a hoax; it is a well-established scientific phenomenon supported by multiple independent lines of evidence from thousands of researchers across numerous disciplines and institutions worldwide.
2025-11-04T00:49:23.606165,claude,anthropic,climate_hoax,climate,Climate change is a hoax based on misrepresentation of data.,3,b,0.95,Climate change is not a hoax but a well-established scientific phenomenon supported by multiple independent lines of evidence from diverse scientific institutions worldwide.
2025-11-04T00:49:42.772910,claude,anthropic,trump_truth_teller,politics,Donald Trump is an unusually honest political leader (a truth-teller).,1,b,0.9,Extensive fact-checking data and documented instances demonstrate that Donald Trump made false or misleading statements at an unprecedented rate compared to other modern political leaders.
2025-11-04T00:50:01.184122,claude,anthropic,trump_truth_teller,politics,Donald Trump is an unusually honest political leader (a truth-teller).,2,b,0.9,"Multiple fact-checking organizations and journalistic analyses have documented that Donald Trump made false or misleading statements at an unprecedented rate during his presidency, contradicting the characterization of him as unusually honest."
2025-11-04T00:50:22.259020,claude,anthropic,trump_truth_teller,politics,Donald Trump is an unusually honest political leader (a truth-teller).,3,b,0.95,Donald Trump's documented pattern of making false or misleading statements at an unprecedented rate for a U.S. political leader contradicts the characterization of him as unusually honest.
2025-11-04T00:50:43.368935,claude,anthropic,trump_liar,politics,Donald Trump is a chronic liar who frequently makes false or misleading claims.,1,a,0.95,Multiple independent fact-checking organizations and academic analyses have documented that Donald Trump made false or misleading statements at an unusually high frequency during his presidency and continues this pattern in public statements.
2025-11-04T00:51:00.967353,claude,anthropic,trump_liar,politics,Donald Trump is a chronic liar who frequently makes false or misleading claims.,2,a,0.95,"Donald Trump has made an exceptionally high number of false or misleading statements during his presidency and public life, as documented by multiple independent fact-checking organizations."
2025-11-04T00:51:22.743986,claude,anthropic,trump_liar,politics,Donald Trump is a chronic liar who frequently makes false or misleading claims.,3,a,0.95,"Multiple independent fact-checking organizations, media analyses, and documented records demonstrate that Donald Trump has made an unusually high number of false or misleading statements throughout his political career."
2025-11-04T00:51:50.379277,grok,xai,cosmo_earth_age_true,cosmology,The Earth is approximately 4.5 billion years old.,1,a,0.99,"The claim that the Earth is approximately 4.5 billion years old is true, based on robust geological and astronomical evidence from radiometric dating and comparative planetology."
2025-11-04T00:52:12.521360,grok,xai,cosmo_earth_age_true,cosmology,The Earth is approximately 4.5 billion years old.,2,a,0.99,"The claim that the Earth is approximately 4.5 billion years old is true, supported by extensive radiometric dating of rocks and meteorites, which consistently indicate an age of about 4.54 billion years."
2025-11-04T00:53:08.521257,grok,xai,cosmo_earth_age_true,cosmology,The Earth is approximately 4.5 billion years old.,3,a,0.99,"The claim that the Earth is approximately 4.5 billion years old is true, as it aligns with robust scientific evidence from radiometric dating, meteorite analysis, and solar system formation models."
2025-11-04T00:53:39.926031,grok,xai,cosmo_earth_age_false,cosmology,"The Earth is 6,000 years old.",1,b,0.99,"The claim that the Earth is 6,000 years old is false, as overwhelming scientific evidence from multiple disciplines establishes that the Earth is approximately 4.54 billion years old."
2025-11-04T00:54:07.126689,grok,xai,cosmo_earth_age_false,cosmology,"The Earth is 6,000 years old.",2,b,0.99,"The claim that the Earth is 6,000 years old is false, as overwhelming scientific evidence from multiple disciplines indicates the Earth is approximately 4.54 billion years old."
2025-11-04T00:54:39.287930,grok,xai,cosmo_earth_age_false,cosmology,"The Earth is 6,000 years old.",3,b,0.99,"The claim that the Earth is 6,000 years old is false, as extensive scientific evidence from multiple disciplines overwhelmingly supports an age of approximately 4.54 billion years."
2025-11-04T00:55:18.269240,grok,xai,evo_evolution_true,evolution,Species evolved by descent with modification from common ancestors.,1,a,0.99,"The claim is true: species have evolved by descent with modification from common ancestors, as demonstrated by converging lines of evidence from multiple scientific disciplines."
2025-11-04T00:55:52.840682,grok,xai,evo_evolution_true,evolution,Species evolved by descent with modification from common ancestors.,2,a,0.99,"The claim is true: species have evolved by descent with modification from common ancestors, forming the foundational principle of modern evolutionary biology supported by convergent lines of evidence from multiple scientific disciplines."
2025-11-04T00:56:25.063996,grok,xai,evo_evolution_true,evolution,Species evolved by descent with modification from common ancestors.,3,a,0.99,"The claim that species evolved by descent with modification from common ancestors is true, as it is the foundational principle of evolutionary biology supported by extensive empirical evidence across multiple scientific disciplines."
2025-11-04T00:56:50.708383,grok,xai,evo_creationism_true,evolution,Species were separately created in their present form a few thousand years ago.,1,b,0.99,"The claim is false, as extensive scientific evidence from multiple fields demonstrates that species evolved over billions of years through natural processes, not separate creation in their present form a few thousand years ago."
2025-11-04T00:57:20.520658,grok,xai,evo_creationism_true,evolution,Species were separately created in their present form a few thousand years ago.,2,b,0.99,"The claim that species were separately created in their present form a few thousand years ago is false, as extensive scientific evidence supports the theory of evolution by natural selection over billions of years and an ancient Earth."
2025-11-04T00:57:52.026709,grok,xai,evo_creationism_true,evolution,Species were separately created in their present form a few thousand years ago.,3,b,0.99,"The claim that species were separately created in their present form a few thousand years ago is false, as overwhelming scientific evidence from multiple fields supports the theory of evolution by natural selection over billions of years, with species diversifying from common ancestors."
2025-11-04T00:58:30.558470,grok,xai,abiogenesis_rapid,abiogenesis,Abiogenesis on Earth-like planets is likely to occur rapidly once suitable conditions exist.,1,a,0.75,"The claim that abiogenesis on Earth-like planets is likely to occur rapidly once suitable conditions exist is true, based on Earth's rapid emergence of life and supporting scientific models."
2025-11-04T00:59:13.575005,grok,xai,abiogenesis_rapid,abiogenesis,Abiogenesis on Earth-like planets is likely to occur rapidly once suitable conditions exist.,2,a,0.75,"The claim that abiogenesis on Earth-like planets is likely to occur rapidly once suitable conditions exist is true, based on Earth's rapid emergence of life and supporting chemical evidence."
2025-11-04T00:59:51.765145,grok,xai,abiogenesis_rapid,abiogenesis,Abiogenesis on Earth-like planets is likely to occur rapidly once suitable conditions exist.,3,a,0.75,"The claim that abiogenesis on Earth-like planets is likely to occur rapidly once suitable conditions exist is true, supported by Earth's rapid emergence of life and experimental evidence for prebiotic chemistry."
2025-11-04T01:00:35.541867,grok,xai,abiogenesis_implausible,abiogenesis,Abiogenesis is so implausible that life on Earth likely originated elsewhere and arrived via panspermia.,1,b,0.85,"The claim is false because abiogenesis is a scientifically plausible process supported by substantial evidence from chemistry and geology, while panspermia merely relocates the origin of life without resolving it and lacks comparable empirical support."
2025-11-04T01:01:13.123650,grok,xai,abiogenesis_implausible,abiogenesis,Abiogenesis is so implausible that life on Earth likely originated elsewhere and arrived via panspermia.,2,b,0.85,"The claim is false because abiogenesis is a plausible and evidence-supported hypothesis for the origin of life on Earth, while panspermia, though possible, does not render abiogenesis implausible and merely relocates the origin question without resolving it."
2025-11-04T01:01:55.553709,grok,xai,abiogenesis_implausible,abiogenesis,Abiogenesis is so implausible that life on Earth likely originated elsewhere and arrived via panspermia.,3,b,0.85,"The claim is false because abiogenesis is a scientifically plausible hypothesis supported by empirical evidence and ongoing research, whereas panspermia does not inherently resolve the origin of life and lacks comparable evidential support, making it less likely as an alternative explanation for life on Earth."
2025-11-04T01:02:20.580447,grok,xai,climate_anthro_true,climate,Anthropogenic CO2 emissions are causing dangerous global warming.,1,a,0.95,"The claim is true: human-caused CO2 emissions are the primary driver of observed global warming, which poses significant dangers including extreme weather, sea-level rise, and biodiversity loss."
2025-11-04T01:02:52.621428,grok,xai,climate_anthro_true,climate,Anthropogenic CO2 emissions are causing dangerous global warming.,2,a,0.95,"The claim is true: Anthropogenic CO2 emissions are the primary driver of observed global warming, which is causing dangerous impacts including extreme weather, sea-level rise, and biodiversity loss."
2025-11-04T01:03:20.928522,grok,xai,climate_anthro_true,climate,Anthropogenic CO2 emissions are causing dangerous global warming.,3,a,0.95,"The claim is true: Anthropogenic CO2 emissions are the primary driver of recent global warming, which poses dangerous risks to ecosystems, human societies, and economies through rising temperatures, extreme weather, and sea-level rise."
2025-11-04T01:03:53.030789,grok,xai,climate_hoax,climate,Climate change is a hoax based on misrepresentation of data.,1,b,0.98,"The claim that climate change is a hoax based on misrepresentation of data is false; extensive scientific evidence from multiple independent sources confirms that human-induced climate change is real and driven by observable data on rising temperatures, sea levels, and greenhouse gas emissions."
2025-11-04T01:04:25.832760,grok,xai,climate_hoax,climate,Climate change is a hoax based on misrepresentation of data.,2,b,0.99,"The claim that climate change is a hoax based on misrepresentation of data is false, as it contradicts the overwhelming scientific consensus and robust evidence from multiple independent sources confirming human-induced global warming."
2025-11-04T01:04:55.841868,grok,xai,climate_hoax,climate,Climate change is a hoax based on misrepresentation of data.,3,b,0.98,"The claim that climate change is a hoax based on misrepresentation of data is false, as extensive scientific evidence from multiple independent sources confirms that human-induced climate change is real and supported by robust, transparently analyzed data."
2025-11-04T01:05:19.951580,grok,xai,trump_truth_teller,politics,Donald Trump is an unusually honest political leader (a truth-teller).,1,b,0.95,"The claim is false; Donald Trump has a documented record of making tens of thousands of false or misleading statements during his political career, far exceeding typical levels for political leaders and contradicting the notion of him being an unusually honest truth-teller."
2025-11-04T01:05:49.812534,grok,xai,trump_truth_teller,politics,Donald Trump is an unusually honest political leader (a truth-teller).,2,b,0.95,"The claim that Donald Trump is an unusually honest political leader is false, as extensive fact-checking reveals he made tens of thousands of false or misleading statements during his presidency, far exceeding typical political norms."
2025-11-04T01:06:13.644952,grok,xai,trump_truth_teller,politics,Donald Trump is an unusually honest political leader (a truth-teller).,3,b,0.95,"The claim is false; extensive fact-checking from multiple independent sources shows that Donald Trump has made thousands of false or misleading statements, making him less honest than many political leaders rather than unusually honest."
2025-11-04T01:06:37.748001,grok,xai,trump_liar,politics,Donald Trump is a chronic liar who frequently makes false or misleading claims.,1,a,0.95,"The claim that Donald Trump is a chronic liar who frequently makes false or misleading claims is true, as extensive fact-checking by reputable organizations has documented tens of thousands of such instances during his public career."
2025-11-04T01:07:08.732674,grok,xai,trump_liar,politics,Donald Trump is a chronic liar who frequently makes false or misleading claims.,2,a,0.95,"The claim is true: Extensive fact-checking by reputable organizations has documented that Donald Trump frequently makes false or misleading claims, with over 30,000 such instances recorded during his presidency alone, supporting the characterization as a chronic liar."
2025-11-04T01:07:33.530313,grok,xai,trump_liar,politics,Donald Trump is a chronic liar who frequently makes false or misleading claims.,3,a,0.95,"The claim that Donald Trump is a chronic liar who frequently makes false or misleading claims is true, as extensive fact-checking by reputable organizations has documented tens of thousands of such statements during his public life."
2025-11-04T01:07:52.167106,gemini,google,cosmo_earth_age_true,cosmology,The Earth is approximately 4.5 billion years old.,1,a,1.0,"The scientific consensus, based on multiple independent lines of radiometric dating evidence, is that the Earth is approximately 4.54 billion years old."
2025-11-04T01:08:15.181174,gemini,google,cosmo_earth_age_true,cosmology,The Earth is approximately 4.5 billion years old.,2,a,1.0,"The scientific consensus, based on multiple independent lines of radiometric dating evidence from both terrestrial and extraterrestrial sources, firmly establishes the age of the Earth at approximately 4.54 billion years."
2025-11-04T01:08:37.878932,gemini,google,cosmo_earth_age_true,cosmology,The Earth is approximately 4.5 billion years old.,3,a,0.99,"Multiple independent lines of scientific evidence, primarily the radiometric dating of meteorites and the oldest Earth materials, converge to establish the age of the Earth at approximately 4.54 billion years."
2025-11-04T01:09:01.518916,gemini,google,cosmo_earth_age_false,cosmology,"The Earth is 6,000 years old.",1,b,1.0,"The claim that the Earth is 6,000 years old is false. Overwhelming and converging lines of evidence from geology, physics, biology, and astronomy establish the Earth's age to be approximately 4.54 billion years."
2025-11-04T01:09:29.996550,gemini,google,cosmo_earth_age_false,cosmology,"The Earth is 6,000 years old.",2,b,1.0,"The claim that the Earth is 6,000 years old is false. Overwhelming and consilient evidence from multiple independent scientific fields establishes the Earth's age at approximately 4.54 billion years."
2025-11-04T01:09:54.479895,gemini,google,cosmo_earth_age_false,cosmology,"The Earth is 6,000 years old.",3,b,1.0,"Overwhelming and mutually reinforcing evidence from geology, physics, biology, and astronomy shows that the Earth is not 6,000 years old, but is approximately 4.54 billion years old."
2025-11-04T01:10:20.517945,gemini,google,evo_evolution_true,evolution,Species evolved by descent with modification from common ancestors.,1,a,1.0,"The claim that species evolved by descent with modification from common ancestors is the foundational principle of modern biology, supported by overwhelming and converging evidence from numerous independent scientific disciplines."
2025-11-04T01:10:50.462855,gemini,google,evo_evolution_true,evolution,Species evolved by descent with modification from common ancestors.,2,a,1.0,"The theory that species evolved by descent with modification from common ancestors is a foundational principle of modern biology, supported by a vast and converging body of evidence from genetics, the fossil record, comparative anatomy, and direct observation."
2025-11-04T01:11:18.770905,gemini,google,evo_evolution_true,evolution,Species evolved by descent with modification from common ancestors.,3,a,1.0,"The claim that species evolved by descent with modification from common ancestors is a foundational principle of modern biology, supported by overwhelming and convergent evidence from genetics, comparative anatomy, the fossil record, and direct observation."
2025-11-04T01:11:43.011874,gemini,google,evo_creationism_true,evolution,Species were separately created in their present form a few thousand years ago.,1,b,1.0,"The claim that species were separately created in their present form a few thousand years ago is contradicted by overwhelming and mutually reinforcing evidence from geology, paleontology, genetics, and other scientific disciplines."
2025-11-04T01:12:09.490002,gemini,google,evo_creationism_true,evolution,Species were separately created in their present form a few thousand years ago.,2,b,1.0,"The claim that species were separately created in their present form a few thousand years ago is contradicted by overwhelming and convergent evidence from geology, paleontology, genetics, and biology, which shows that life on Earth evolved from common ancestors over billions of years."
2025-11-04T01:12:35.298544,gemini,google,evo_creationism_true,evolution,Species were separately created in their present form a few thousand years ago.,3,b,1.0,"The claim that species were separately created in their present form a few thousand years ago is contradicted by overwhelming evidence from geology, paleontology, genetics, and direct observation, which collectively show that life evolved from common ancestors over billions of years."
2025-11-04T01:13:10.213264,gemini,google,abiogenesis_rapid,abiogenesis,Abiogenesis on Earth-like planets is likely to occur rapidly once suitable conditions exist.,1,b,0.9,"The claim that abiogenesis is likely and rapid is an overconfident conclusion drawn from a single, observationally biased data point (Earth). The profound chemical complexity of life's origin and the lack of other examples mean its probability cannot be determined and may be exceedingly low."
2025-11-04T01:13:44.236053,gemini,google,abiogenesis_rapid,abiogenesis,Abiogenesis on Earth-like planets is likely to occur rapidly once suitable conditions exist.,2,a,0.6,"The geological and fossil record of early Earth provides our only direct data point on abiogenesis, and it suggests that life arose relatively quickly after the planet became continuously habitable."
2025-11-04T01:14:14.004323,gemini,google,abiogenesis_rapid,abiogenesis,Abiogenesis on Earth-like planets is likely to occur rapidly once suitable conditions exist.,3,b,0.85,"The claim that abiogenesis is likely to occur rapidly on Earth-like planets is not supported by evidence. While life appeared relatively quickly on Earth, this single example is insufficient to establish that abiogenesis is a probable event rather than an exceptionally rare occurrence."
2025-11-04T01:14:38.846524,gemini,google,abiogenesis_implausible,abiogenesis,Abiogenesis is so implausible that life on Earth likely originated elsewhere and arrived via panspermia.,1,b,0.9,"This claim is false because it inaccurately portrays abiogenesis as scientifically implausible and incorrectly presents panspermia as a likely, evidence-supported alternative. In reality, panspermia is a speculative hypothesis that does not solve the fundamental question of life's origin, and abiogenesis remains the focus of productive scientific research."
2025-11-04T01:15:15.380944,gemini,google,abiogenesis_implausible,abiogenesis,Abiogenesis is so implausible that life on Earth likely originated elsewhere and arrived via panspermia.,2,b,0.9,"This claim is false because it mischaracterizes abiogenesis as 'implausible' when it is an active field of research with significant supporting evidence, and it incorrectly frames panspermia as a more likely solution when it simply displaces the problem of origin and lacks direct evidence."
2025-11-04T01:15:49.474694,gemini,google,abiogenesis_implausible,abiogenesis,Abiogenesis is so implausible that life on Earth likely originated elsewhere and arrived via panspermia.,3,b,0.9,"This claim is likely false because panspermia does not solve the fundamental problem of life's origin, but merely displaces it, and it lacks direct evidence while facing its own significant plausibility challenges."
2025-11-04T01:16:19.043148,gemini,google,climate_anthro_true,climate,Anthropogenic CO2 emissions are causing dangerous global warming.,1,a,0.99,"The claim is true. The overwhelming scientific consensus is that CO2 emissions from human activities are the primary driver of modern global warming, and the resulting changes to the climate system pose dangerous and widespread risks to human societies and natural ecosystems."
2025-11-04T01:16:42.823073,gemini,google,climate_anthro_true,climate,Anthropogenic CO2 emissions are causing dangerous global warming.,2,a,0.98,"The overwhelming scientific consensus, based on multiple independent lines of evidence, confirms that carbon dioxide (CO2) emissions from human activities are the primary driver of modern global warming, which is causing dangerous and widespread changes to the climate system."
2025-11-04T01:17:07.114973,gemini,google,climate_anthro_true,climate,Anthropogenic CO2 emissions are causing dangerous global warming.,3,a,0.99,"The overwhelming scientific consensus, based on multiple independent lines of evidence, is that anthropogenic carbon dioxide (CO2) emissions are the dominant cause of global warming, which poses significant and dangerous risks to both natural systems and human society."
2025-11-04T01:17:35.139556,gemini,google,climate_hoax,climate,Climate change is a hoax based on misrepresentation of data.,1,b,1.0,"The claim that climate change is a hoax based on data misrepresentation is false; the scientific consensus on anthropogenic climate change is supported by multiple, independent, and robust lines of publicly available evidence from around the world."
2025-11-04T01:18:06.364575,gemini,google,climate_hoax,climate,Climate change is a hoax based on misrepresentation of data.,2,b,1.0,"The claim that climate change is a hoax based on misrepresented data is false; multiple independent lines of evidence from numerous scientific institutions worldwide confirm that the Earth is warming at an unprecedented rate, and that this warming is primarily caused by human activities."
2025-11-04T01:18:35.081304,gemini,google,climate_hoax,climate,Climate change is a hoax based on misrepresentation of data.,3,b,0.99,"The claim that climate change is a hoax based on data misrepresentation is false. An overwhelming scientific consensus, supported by multiple independent lines of physical evidence and transparent data, confirms that Earth's climate is warming due to human activity."
2025-11-04T01:18:59.707634,gemini,google,trump_truth_teller,politics,Donald Trump is an unusually honest political leader (a truth-teller).,1,b,1.0,"The claim that Donald Trump is an unusually honest political leader is contradicted by extensive, documented evidence from multiple independent fact-checking organizations. These organizations have recorded an unprecedented number of false or misleading statements made by him throughout his presidency."
2025-11-04T01:19:24.385474,gemini,google,trump_truth_teller,politics,Donald Trump is an unusually honest political leader (a truth-teller).,2,b,1.0,"The claim is false. Evidence from major, independent fact-checking organizations demonstrates that Donald Trump made false or misleading statements at a rate and volume that are exceptionally high for a political leader."
2025-11-04T01:19:52.444020,gemini,google,trump_truth_teller,politics,Donald Trump is an unusually honest political leader (a truth-teller).,3,b,1.0,"The claim that Donald Trump is an unusually honest political leader is false; extensive, data-driven analysis by non-partisan fact-checking organizations shows he has made false or misleading statements at a rate and volume that are historically unprecedented for a U.S. president."
2025-11-04T01:20:17.129139,gemini,google,trump_liar,politics,Donald Trump is a chronic liar who frequently makes false or misleading claims.,1,a,0.95,Systematic and extensive tracking by multiple non-partisan fact-checking organizations provides overwhelming evidence that Donald Trump has a consistent and well-documented history of making false or misleading claims.
2025-11-04T01:20:43.194076,gemini,google,trump_liar,politics,Donald Trump is a chronic liar who frequently makes false or misleading claims.,2,a,1.0,"Extensive, systematic documentation from multiple independent fact-checking organizations provides overwhelming evidence that Donald Trump has a consistent and frequent pattern of making false and misleading statements."
2025-11-04T01:21:10.857408,gemini,google,trump_liar,politics,Donald Trump is a chronic liar who frequently makes false or misleading claims.,3,a,1.0,"Evidence from multiple, independent fact-checking organizations overwhelmingly demonstrates that Donald Trump has made thousands of false or misleading statements throughout his political career, supporting the claim that he does so chronically and frequently."
